unit,wins,make_playoffs,win_finals
bos,64,1,0.39
den,57,1,0.13699999999999998
okc,57,1,0.171
min,56,1,0.087
lac,51,1,0.012
dal,50,1,0.062
ny,50,1,0.037000000000000005
no,49,1,0
mil,49,1,0.006
phx,49,1,0
cle,48,1,0.027999999999999997
ind,47,1,0.027000000000000003
lal,47,1,0.001
orl,47,1,0.005
phi,47,1,0.02
gs,46,0,0
mia,46,1,0.017
sac,46,0,0
hou,41,0,0
chi,39,0,0
atl,36,0,0
bkn,32,0,0
uta,31,0,0
mem,27,0,0
tor,25,0,0
sa,22,0,0
por,21,0,0
cha,21,0,0
wsh,15,0,0
det,14,0,0
