unit,wins,make_playoffs,win_finals
mil,58,1,0.03
bos,57,1,0.318
phi,54,1,0.376
den,53,1,0.054000000000000006
cle,51,1,0.012
mem,51,1,0.023
sac,48,1,0.009000000000000001
ny,47,1,0.094
bkn,45,1,0
phx,45,1,0.015
gs,44,1,0.013999999999999999
lac,44,1,0
mia,44,1,0
lal,43,1,0.055999999999999994
no,42,0,0
min,42,1,0
atl,41,1,0
tor,41,0,0
chi,40,0,0
okc,40,0,0
dal,38,0,0
uta,37,0,0
ind,35,0,0
wsh,35,0,0
orl,34,0,0
por,33,0,0
cha,27,0,0
hou,22,0,0
sa,22,0,0
det,17,0,0
